,0.0,0.02,0.04,0.06,0.08,0.1,0.12,0.14,0.16,0.18,0.2,0.22,0.24,0.26,0.28,0.3,0.32,0.34,0.36,0.38,0.4,0.42,0.44,0.46,0.48,0.5,0.52,0.54,0.56,0.58,0.6,0.62,0.64,0.66,0.68,0.7,0.72,0.74,0.76,0.78,0.8,0.82,0.84,0.86,0.88,0.9,0.92,0.94,0.96,0.98,1.0
0,0.0,0.0,0.0,0.0,0.0,0.0,0.0,0.0,0.0,0.0,0.0,0.0,0.0,0.0,0.0,0.0,0.0,0.0,0.0,0.0,0.0,0.0,0.0,0.0,0.0,0.0,0.0,0.0,0.0,0.0,0.0,0.0,0.0,0.0,0.0,0.0,0.0,0.0,0.0,0.0,0.0,0.0,0.0,0.0,0.0,0.0,0.0,0.0,0.0,0.0,0.0
1,0.0,0.0,0.0,0.0,0.0,0.0,0.0,0.0,0.0,0.0,0.0,0.0,0.0,0.0,0.0,0.0,0.0,0.0,0.0,0.0,0.0,0.0,0.0,0.0,0.0,0.0,0.0,0.0,0.0,0.0,0.0,0.0,0.0,0.0,0.0,0.0,0.0,0.0,0.0,0.0,0.0,0.0,0.0,0.0,0.0,0.0,0.0,0.0,0.0,0.0,0.0
2,0.0,0.0,0.0,0.0,0.0,0.0,0.0,0.0,0.0,0.0,0.0,0.0,0.0,0.0,0.0,0.0,0.0,0.0,0.0,0.0,0.0,0.0,0.0,0.0,0.0,0.0,0.0,0.0,0.0,0.0,0.0,0.0,0.0,0.0,0.0,0.0,0.0,0.0,0.0,0.0,0.0,0.0,0.0,0.0,0.0,0.0,0.0,0.0,0.0,93860026.16624221,0.0
3,0.0,0.0,0.0,0.0,0.0,0.0,0.0,0.0,0.0,0.0,0.0,0.0,0.0,0.0,0.0,0.0,0.0,0.0,0.0,0.0,0.0,0.0,0.0,0.0,0.0,0.0,0.0,0.0,0.0,0.0,0.0,0.0,0.0,0.0,0.0,0.0,0.0,0.0,0.0,0.0,0.0,0.0,0.0,0.0,0.0,0.0,0.0,0.0,0.0,446858613.9917158,0.0
4,0.0,0.0,0.0,0.0,0.0,0.0,0.0,0.0,0.0,0.0,0.0,0.0,0.0,0.0,0.0,0.0,0.0,0.0,0.0,0.0,0.0,0.0,0.0,0.0,0.0,0.0,0.0,0.0,0.0,0.0,0.0,0.0,0.0,0.0,0.0,0.0,0.0,0.0,0.0,0.0,0.0,0.0,0.0,0.0,0.0,0.0,0.0,0.0,25458702.34087326,114684914.7326181,0.0
5,0.0,0.0,0.0,0.0,0.0,0.0,0.0,0.0,0.0,0.0,0.0,0.0,0.0,0.0,0.0,0.0,0.0,0.0,0.0,0.0,0.0,0.0,0.0,0.0,0.0,0.0,0.0,0.0,0.0,0.0,0.0,0.0,0.0,0.0,0.0,0.0,0.0,0.0,0.0,0.0,0.0,0.0,0.0,0.0,0.0,0.0,0.0,0.0,447070087.8255199,14679657.859910259,0.0
6,0.0,0.0,0.0,0.0,0.0,0.0,0.0,0.0,0.0,0.0,0.0,0.0,0.0,0.0,0.0,0.0,0.0,0.0,0.0,0.0,0.0,0.0,0.0,0.0,0.0,0.0,0.0,0.0,0.0,0.0,0.0,0.0,0.0,0.0,0.0,0.0,0.0,0.0,0.0,0.0,0.0,0.0,0.0,0.0,0.0,0.0,0.0,106892796.15070283,196381700.34450978,95772182.2738547,0.0
7,0.0,0.0,0.0,0.0,0.0,0.0,0.0,0.0,0.0,0.0,0.0,0.0,0.0,0.0,0.0,0.0,0.0,0.0,0.0,0.0,0.0,0.0,0.0,0.0,0.0,0.0,0.0,0.0,0.0,0.0,0.0,0.0,0.0,0.0,0.0,0.0,0.0,0.0,0.0,0.0,0.0,0.0,0.0,0.0,0.0,0.0,0.0,503530254.71829236,248928794.75094733,250299893.22629112,0.0
8,0.0,0.0,0.0,0.0,0.0,0.0,0.0,0.0,0.0,0.0,0.0,0.0,0.0,0.0,0.0,0.0,0.0,0.0,0.0,0.0,0.0,0.0,0.0,0.0,0.0,0.0,0.0,0.0,0.0,0.0,0.0,0.0,0.0,0.0,0.0,0.0,0.0,0.0,0.0,0.0,0.0,0.0,0.0,0.0,0.0,0.0,18844136.848956876,108176146.72408286,18478477.065049417,96392634.75258069,0.0
9,0.0,0.0,0.0,0.0,0.0,0.0,0.0,0.0,0.0,0.0,0.0,0.0,0.0,0.0,0.0,0.0,0.0,0.0,0.0,0.0,0.0,0.0,0.0,0.0,0.0,0.0,0.0,0.0,0.0,0.0,0.0,0.0,0.0,0.0,0.0,0.0,0.0,0.0,0.0,0.0,0.0,0.0,0.0,0.0,0.0,0.0,446044647.44733554,25042004.377582874,26993920.226420917,249250731.37084565,0.0
10,0.0,0.0,0.0,0.0,0.0,0.0,0.0,0.0,0.0,0.0,0.0,0.0,0.0,0.0,0.0,0.0,0.0,0.0,0.0,0.0,0.0,0.0,0.0,0.0,0.0,0.0,0.0,0.0,0.0,0.0,0.0,0.0,0.0,0.0,0.0,0.0,0.0,0.0,0.0,0.0,0.0,0.0,0.0,0.0,0.0,16120607.829150368,96209482.72182518,30917083.739298463,111424413.56666374,23335823.70993989,0.0
11,0.0,0.0,0.0,0.0,0.0,0.0,0.0,0.0,0.0,0.0,0.0,0.0,0.0,0.0,0.0,0.0,0.0,0.0,0.0,0.0,0.0,0.0,0.0,0.0,0.0,0.0,0.0,0.0,0.0,0.0,0.0,0.0,0.0,0.0,0.0,0.0,0.0,0.0,0.0,0.0,0.0,0.0,0.0,0.0,0.0,1407802965.297935,1326933888.4095674,1327313708.153564,1327057418.3985884,1318804621.8866506,0.0
12,0.0,0.0,0.0,0.0,0.0,0.0,0.0,0.0,0.0,0.0,0.0,0.0,0.0,0.0,0.0,0.0,0.0,0.0,0.0,0.0,0.0,0.0,0.0,0.0,0.0,0.0,0.0,0.0,0.0,0.0,0.0,0.0,0.0,0.0,0.0,0.0,0.0,0.0,0.0,0.0,0.0,0.0,0.0,0.0,244730741.32001144,176212526.84943157,267834164.7644465,349490301.4781557,261057933.64670223,244969528.09435305,0.0
13,0.0,0.0,0.0,0.0,0.0,0.0,0.0,0.0,0.0,0.0,0.0,0.0,0.0,0.0,0.0,0.0,0.0,0.0,0.0,0.0,0.0,0.0,0.0,0.0,0.0,0.0,0.0,0.0,0.0,0.0,0.0,0.0,0.0,0.0,0.0,0.0,0.0,0.0,0.0,0.0,0.0,0.0,0.0,0.0,432859618.2490036,28639296.93586895,35217672.54725109,250976396.63219434,38602543.275083646,1326720922.7725437,0.0
14,0.0,0.0,0.0,0.0,0.0,0.0,0.0,0.0,0.0,0.0,0.0,0.0,0.0,0.0,0.0,0.0,0.0,0.0,0.0,0.0,0.0,0.0,0.0,0.0,0.0,0.0,0.0,0.0,0.0,0.0,0.0,0.0,0.0,0.0,0.0,0.0,0.0,0.0,0.0,0.0,0.0,0.0,0.0,25410009.09923921,111559975.93059707,27632217.23192035,105297288.69948435,20717416.798745863,29614831.075622976,263620430.73095155,0.0
15,0.0,0.0,0.0,0.0,0.0,0.0,0.0,0.0,0.0,0.0,0.0,0.0,0.0,0.0,0.0,0.0,0.0,0.0,0.0,0.0,0.0,0.0,0.0,0.0,0.0,0.0,0.0,0.0,0.0,0.0,0.0,0.0,0.0,0.0,0.0,0.0,0.0,0.0,0.0,0.0,0.0,0.0,0.0,446789700.0685407,5359716.185308503,11032862.680027874,249096281.64338732,24828038.519026414,1327220005.0619385,28423806.18891574,0.0
16,0.0,0.0,0.0,0.0,0.0,0.0,0.0,0.0,0.0,0.0,0.0,0.0,0.0,0.0,0.0,0.0,0.0,0.0,0.0,0.0,0.0,0.0,0.0,0.0,0.0,0.0,0.0,0.0,0.0,0.0,0.0,0.0,0.0,0.0,0.0,0.0,0.0,0.0,0.0,0.0,0.0,0.0,16383801.403176162,105956707.63537008,16731939.288726663,94024837.70737058,7441116.422690192,20848386.90755002,258871621.0940536,19590981.262035023,0.0
17,0.0,0.0,0.0,0.0,0.0,0.0,0.0,0.0,0.0,0.0,0.0,0.0,0.0,0.0,0.0,0.0,0.0,0.0,0.0,0.0,0.0,0.0,0.0,0.0,0.0,0.0,0.0,0.0,0.0,0.0,0.0,0.0,0.0,0.0,0.0,0.0,0.0,0.0,0.0,0.0,0.0,0.0,445138861.4202669,18323645.358866364,17053345.031853754,247629531.21783885,26714368.0392914,1323799148.6004205,35834918.54388366,17673259.59445051,0.0
18,0.0,0.0,0.0,0.0,0.0,0.0,0.0,0.0,0.0,0.0,0.0,0.0,0.0,0.0,0.0,0.0,0.0,0.0,0.0,0.0,0.0,0.0,0.0,0.0,0.0,0.0,0.0,0.0,0.0,0.0,0.0,0.0,0.0,0.0,0.0,0.0,0.0,0.0,0.0,0.0,0.0,47769486.567198895,79781450.95599152,62781060.59870292,144162303.00016427,58029417.50528444,49432044.26901083,222895990.193849,61242877.753567085,57160786.1756583,0.0
19,0.0,0.0,0.0,0.0,0.0,0.0,0.0,0.0,0.0,0.0,0.0,0.0,0.0,0.0,0.0,0.0,0.0,0.0,0.0,0.0,0.0,0.0,0.0,0.0,0.0,0.0,0.0,0.0,0.0,0.0,0.0,0.0,0.0,0.0,0.0,0.0,0.0,0.0,0.0,0.0,0.0,446832212.1238988,5289444.48898972,10857006.760281874,249211343.30291563,24803802.244531423,1327201091.662753,28405834.591031928,1592566.3209474913,17738333.4030917,0.0
20,0.0,0.0,0.0,0.0,0.0,0.0,0.0,0.0,0.0,0.0,0.0,0.0,0.0,0.0,0.0,0.0,0.0,0.0,0.0,0.0,0.0,0.0,0.0,0.0,0.0,0.0,0.0,0.0,0.0,0.0,0.0,0.0,0.0,0.0,0.0,0.0,0.0,0.0,0.0,0.0,125011467.00855939,206456513.4960454,121452392.79900488,140261251.09619063,123643463.69431908,129343233.4880838,357961343.02682006,127537826.46273491,123298519.76136467,155805352.4039087,0.0
21,0.0,0.0,0.0,0.0,0.0,0.0,0.0,0.0,0.0,0.0,0.0,0.0,0.0,0.0,0.0,0.0,0.0,0.0,0.0,0.0,0.0,0.0,0.0,0.0,0.0,0.0,0.0,0.0,0.0,0.0,0.0,0.0,0.0,0.0,0.0,0.0,0.0,0.0,0.0,0.0,433088837.98538196,116104154.7474505,111578260.40153575,255676369.75059575,112025146.93538105,1307151195.6008449,117638034.22212896,116949450.7990601,109192902.21941105,116972224.3984216,0.0
22,0.0,0.0,0.0,0.0,0.0,0.0,0.0,0.0,0.0,0.0,0.0,0.0,0.0,0.0,0.0,0.0,0.0,0.0,0.0,0.0,0.0,0.0,0.0,0.0,0.0,0.0,0.0,0.0,0.0,0.0,0.0,0.0,0.0,0.0,0.0,0.0,0.0,0.0,0.0,16675351.12128047,106166028.92610547,16615148.11511829,94784663.04245362,7910908.924255088,20886262.06162367,259248131.49383378,19591080.931990378,3667073.6105737463,57047898.35347547,122972802.97724076,0.0
23,0.0,0.0,0.0,0.0,0.0,0.0,0.0,0.0,0.0,0.0,0.0,0.0,0.0,0.0,0.0,0.0,0.0,0.0,0.0,0.0,0.0,0.0,0.0,0.0,0.0,0.0,0.0,0.0,0.0,0.0,0.0,0.0,0.0,0.0,0.0,0.0,0.0,0.0,0.0,1434380721.0993507,1274229409.0366406,1277899853.5479426,1297261159.092027,1275767992.482048,1925814718.377102,1275887087.6117854,1275080850.679389,1276003753.6512055,1275001124.3782187,1283628892.3758888,0.0
24,0.0,0.0,0.0,0.0,0.0,0.0,0.0,0.0,0.0,0.0,0.0,0.0,0.0,0.0,0.0,0.0,0.0,0.0,0.0,0.0,0.0,0.0,0.0,0.0,0.0,0.0,0.0,0.0,0.0,0.0,0.0,0.0,0.0,0.0,0.0,0.0,0.0,0.0,74787858.33451754,62301630.80494185,98005228.08232641,179605181.15545493,91212753.57636715,76411706.24036074,175523233.6907967,93865218.65676571,89112206.66575585,65185425.773938216,189243779.2741938,88990052.40632169,0.0
25,0.0,0.0,0.0,0.0,0.0,0.0,0.0,0.0,0.0,0.0,0.0,0.0,0.0,0.0,0.0,0.0,0.0,0.0,0.0,0.0,0.0,0.0,0.0,0.0,0.0,0.0,0.0,0.0,0.0,0.0,0.0,0.0,0.0,0.0,0.0,0.0,0.0,0.0,445758653.3732964,30809187.335984237,25911719.17880211,250500093.5868073,40488841.824138,1325552698.5841193,50845370.42981654,27132655.199602008,31405091.223294564,26580423.064415235,107537403.85186467,1275497865.9224708,0.0
26,0.0,0.0,0.0,0.0,0.0,0.0,0.0,0.0,0.0,0.0,0.0,0.0,0.0,0.0,0.0,0.0,0.0,0.0,0.0,0.0,0.0,0.0,0.0,0.0,0.0,0.0,0.0,0.0,0.0,0.0,0.0,0.0,0.0,0.0,0.0,0.0,0.0,16904696.297135804,106382634.70340273,15989682.60420233,94487456.57757875,8444288.781441677,21346320.048304934,259286956.31099615,20319223.13647424,4536080.868210281,56652182.452464685,122425627.50429979,5117093.47890722,89628350.84326659,0.0
27,0.0,0.0,0.0,0.0,0.0,0.0,0.0,0.0,0.0,0.0,0.0,0.0,0.0,0.0,0.0,0.0,0.0,0.0,0.0,0.0,0.0,0.0,0.0,0.0,0.0,0.0,0.0,0.0,0.0,0.0,0.0,0.0,0.0,0.0,0.0,0.0,0.0,458843833.2788175,99999051.93055432,106178574.12121306,272535117.80437696,106823810.66031444,1332437807.2942882,104236069.38969016,99881116.64519733,106479557.399034,99912220.73972069,164186129.7547425,1287754882.6385288,120757795.98522529,0.0
28,0.0,0.0,0.0,0.0,0.0,0.0,0.0,0.0,0.0,0.0,0.0,0.0,0.0,0.0,0.0,0.0,0.0,0.0,0.0,0.0,0.0,0.0,0.0,0.0,0.0,0.0,0.0,0.0,0.0,0.0,0.0,0.0,0.0,0.0,0.0,0.0,16206641.225964632,104163021.25543866,20108445.758431654,99541553.53726049,11766746.815929247,20360816.441857144,257256679.10639104,21697571.6979973,8513129.66654086,56657252.43033435,124914328.22613001,9072568.791080061,88290802.2481661,9570600.09861021,0.0
29,0.0,0.0,0.0,0.0,0.0,0.0,0.0,0.0,0.0,0.0,0.0,0.0,0.0,0.0,0.0,0.0,0.0,0.0,0.0,0.0,0.0,0.0,0.0,0.0,0.0,0.0,0.0,0.0,0.0,0.0,0.0,0.0,0.0,0.0,0.0,0.0,448698234.7378254,41271212.35110682,38368066.45658751,253594043.3224197,48701703.753432594,1318690456.801577,59332904.17733204,39989219.21977683,39813370.240042835,39898142.407492384,104600592.18462032,1276423059.745319,36796704.56115354,129251653.02133206,0.0
30,0.0,0.0,0.0,0.0,0.0,0.0,0.0,0.0,0.0,0.0,0.0,0.0,0.0,0.0,0.0,0.0,0.0,0.0,0.0,0.0,0.0,0.0,0.0,0.0,0.0,0.0,0.0,0.0,0.0,0.0,0.0,0.0,0.0,0.0,0.0,16892311.159227215,106448186.60550918,16411935.381511426,93877122.24137871,7733787.582132539,21240072.425190516,259629282.69574672,19765480.67602535,2911876.847749704,57030396.77858281,123133519.78872311,3951456.744690653,89479871.34763925,4790882.608790392,9065189.031560805,0.0
31,0.0,0.0,0.0,0.0,0.0,0.0,0.0,0.0,0.0,0.0,0.0,0.0,0.0,0.0,0.0,0.0,0.0,0.0,0.0,0.0,0.0,0.0,0.0,0.0,0.0,0.0,0.0,0.0,0.0,0.0,0.0,0.0,0.0,0.0,0.0,444822132.38109887,11591403.466124574,9963045.410379952,248168446.59556684,24488461.48058635,1326300684.7015445,31304923.990252923,8855529.670733344,16756125.41763262,8797310.541036824,111920264.41177528,1275138803.516671,25684338.688738693,103143658.101026,36974084.54599245,0.0
32,0.0,0.0,0.0,0.0,0.0,0.0,0.0,0.0,0.0,0.0,0.0,0.0,0.0,0.0,0.0,0.0,0.0,0.0,0.0,0.0,0.0,0.0,0.0,0.0,0.0,0.0,0.0,0.0,0.0,0.0,0.0,0.0,0.0,0.0,20761048.51221165,110225268.99181104,18143546.616359826,95335902.19616897,11703138.436182987,25285699.387534637,263045878.5524115,22064564.544953424,9111748.602854915,59039723.83150637,121931391.71583939,9606814.133588105,93350680.9246924,9361438.22726224,13814322.2999647,8813743.795225348,0.0
33,0.0,0.0,0.0,0.0,0.0,0.0,0.0,0.0,0.0,0.0,0.0,0.0,0.0,0.0,0.0,0.0,0.0,0.0,0.0,0.0,0.0,0.0,0.0,0.0,0.0,0.0,0.0,0.0,0.0,0.0,0.0,0.0,0.0,0.0,447949512.4672554,19634915.98443865,19732873.402315985,250485026.8833118,32654225.835911922,1327360052.1168175,39967464.68980535,15990472.638269823,25989967.59766335,15794922.997729342,116211209.75665288,1275197147.950903,28024038.940517742,111259178.32112129,39650929.06099824,17765345.44583814,0.0
34,0.0,0.0,0.0,0.0,0.0,0.0,0.0,0.0,0.0,0.0,0.0,0.0,0.0,0.0,0.0,0.0,0.0,0.0,0.0,0.0,0.0,0.0,0.0,0.0,0.0,0.0,0.0,0.0,0.0,0.0,0.0,0.0,0.0,17539950.577942252,107224702.63410223,16231376.147404552,93910865.37674952,8531588.64489669,22059219.185469545,260320686.9524489,20390428.424937043,4650973.983184331,57021620.01300476,122718707.47001961,5223558.875555633,90091719.3167021,5251322.820482423,10116844.175794061,4323740.608940497,9155656.067712152,0.0
35,0.0,0.0,0.0,0.0,0.0,0.0,0.0,0.0,0.0,0.0,0.0,0.0,0.0,0.0,0.0,0.0,0.0,0.0,0.0,0.0,0.0,0.0,0.0,0.0,0.0,0.0,0.0,0.0,0.0,0.0,0.0,0.0,0.0,453041570.6983946,66812606.58201347,69783269.92895547,226994900.0329465,61763364.124709606,1309383748.9067373,73220075.04895358,67411160.50632104,67453447.38322833,67512789.01118973,120283701.29090934,1277692703.374682,74107662.36688583,132104063.86069591,77994437.30961135,66993369.87119011,71017133.08027562,0.0
36,0.0,0.0,0.0,0.0,0.0,0.0,0.0,0.0,0.0,0.0,0.0,0.0,0.0,0.0,0.0,0.0,0.0,0.0,0.0,0.0,0.0,0.0,0.0,0.0,0.0,0.0,0.0,0.0,0.0,0.0,0.0,0.0,223813372.07911903,278051364.05127877,224077397.19942492,248273296.20821172,225546046.16438952,224683900.59928173,415837043.36723834,226807686.46076578,225312862.40541226,238753439.10245427,254945581.29415998,225156855.88567472,257597131.1348877,225481746.1556055,226199098.18553758,225249768.91820556,225353701.20747828,225487131.69387427,0.0
37,0.0,0.0,0.0,0.0,0.0,0.0,0.0,0.0,0.0,0.0,0.0,0.0,0.0,0.0,0.0,0.0,0.0,0.0,0.0,0.0,0.0,0.0,0.0,0.0,0.0,0.0,0.0,0.0,0.0,0.0,0.0,0.0,446887353.1150794,5180503.826793237,10685625.559604391,249211500.6606606,24977025.920381814,1327170766.4866347,28541458.62251653,1645791.4967529853,17892848.042376406,1067211.0809488357,117423401.50759754,1275214020.1703367,27096789.275225867,99934351.46911064,40223718.09858724,9031491.854898127,15940190.531294843,67388184.5781708,0.0
38,0.0,0.0,0.0,0.0,0.0,0.0,0.0,0.0,0.0,0.0,0.0,0.0,0.0,0.0,0.0,0.0,0.0,0.0,0.0,0.0,0.0,0.0,0.0,0.0,0.0,0.0,0.0,0.0,0.0,0.0,0.0,20445021.168349348,108367137.39725444,20847318.74197455,100008231.49787036,13673483.296447609,24713034.480716217,260939902.75419345,22476516.2418715,11715768.639776696,58126072.89940445,122547949.94434424,11948418.134943362,91471280.03742935,12811454.616628513,13891554.668923343,12242305.01414191,14630633.776462082,12793200.464198824,225421644.0728541,0.0
39,0.0,0.0,0.0,0.0,0.0,0.0,0.0,0.0,0.0,0.0,0.0,0.0,0.0,0.0,0.0,0.0,0.0,0.0,0.0,0.0,0.0,0.0,0.0,0.0,0.0,0.0,0.0,0.0,0.0,0.0,0.0,711943631.3572484,358678706.9316832,346407052.81229746,523107118.27604866,366953279.20054257,1379175612.9868097,378763151.65880275,354989389.9808304,356541395.3677596,354816356.20902526,382066577.04725677,1295068755.1287303,347386671.0882164,449533974.2611294,347633434.0715502,352232275.9888436,355224855.7348474,389904422.5457976,354608535.8980025,0.0
40,0.0,0.0,0.0,0.0,0.0,0.0,0.0,0.0,0.0,0.0,0.0,0.0,0.0,0.0,0.0,0.0,0.0,0.0,0.0,0.0,0.0,0.0,0.0,0.0,0.0,0.0,0.0,0.0,0.0,0.0,16331689.500937829,105861192.5650765,16860849.554584734,94106976.03780805,7500892.897167472,21057595.74024398,258778212.05348396,19562146.246588394,1998946.1136921074,57541829.4315112,123385827.02674265,3655376.0909736054,89193605.5646812,4481264.085944678,8104824.197048657,2891086.7282276666,9190759.647972774,4808592.230733275,225394458.89185968,12036755.056910608,0.0
41,0.0,0.0,0.0,0.0,0.0,0.0,0.0,0.0,0.0,0.0,0.0,0.0,0.0,0.0,0.0,0.0,0.0,0.0,0.0,0.0,0.0,0.0,0.0,0.0,0.0,0.0,0.0,0.0,0.0,0.0,452838980.0977725,77553112.97514759,81652269.06588371,260450010.19201738,81037056.41548777,1327081969.953034,84462650.89485124,79200378.1804772,80622467.21439818,79198092.79790115,131435080.25926936,1279494538.6397023,87842117.2192289,133530248.30833645,92533753.3903775,78831879.31503606,83282446.75625357,103432775.1331758,79206760.42744675,402967313.1568689,0.0
42,0.0,0.0,0.0,0.0,0.0,0.0,0.0,0.0,0.0,0.0,0.0,0.0,0.0,0.0,0.0,0.0,0.0,0.0,0.0,0.0,0.0,0.0,0.0,0.0,0.0,0.0,0.0,0.0,0.0,70411580.16075134,149012177.83767524,71981413.08221678,126132149.31852993,72036455.82369813,74950593.05539559,299348547.24173397,76754432.92721406,72907088.20949993,97860957.61584991,137944719.28198045,72635909.01451872,131484864.99944754,72470252.432411,73746080.89085361,72704662.23573741,72542060.68528537,72679422.89107493,234264517.73522225,73497170.35910924,73116868.57850622,0.0
43,0.0,0.0,0.0,0.0,0.0,0.0,0.0,0.0,0.0,0.0,0.0,0.0,0.0,0.0,0.0,0.0,0.0,0.0,0.0,0.0,0.0,0.0,0.0,0.0,0.0,0.0,0.0,0.0,0.0,446765372.46111214,21448407.457935043,28323553.76788615,249561723.6951704,31786757.466875046,1319954858.1994565,35360159.11987243,21716326.971715875,29056316.372924965,21802703.999194365,115754179.54538551,1275550620.9776633,43967603.54725148,102701063.74116525,51634994.07673007,25217661.2307675,33554881.244724974,70140240.03225847,21720886.07483383,372018498.6939409,81131794.47184765,0.0
44,0.0,0.0,0.0,0.0,0.0,0.0,0.0,0.0,0.0,0.0,0.0,0.0,0.0,0.0,0.0,0.0,0.0,0.0,0.0,0.0,0.0,0.0,0.0,0.0,0.0,0.0,0.0,0.0,20302139.838813305,109939195.58495638,16530010.855695505,94222687.19535843,10050298.888285818,24642162.45128,262793901.63061613,21158392.52413534,6881148.231864573,58644912.58365767,122510490.79315242,7550679.271144388,92824463.00703767,8056541.544725919,12710511.029982809,6916381.828742999,10202069.754179632,7789140.826609844,225158262.23838693,14156109.84302488,6947565.029580342,71967368.73450328,0.0
45,0.0,0.0,0.0,0.0,0.0,0.0,0.0,0.0,0.0,0.0,0.0,0.0,0.0,0.0,0.0,0.0,0.0,0.0,0.0,0.0,0.0,0.0,0.0,0.0,0.0,0.0,0.0,0.0,559648211.37146,324919331.17986226,330194453.48051953,434977579.7727911,328833876.73355824,1378610473.797669,327062513.39832217,324875306.27865297,327422387.00219345,324911348.3504111,366086652.7877908,1398606719.0419967,344940321.8383485,338314009.0566944,352494020.623767,326856461.7867255,335707639.40188783,351333056.2871067,324925042.15008485,673345929.6297809,346918183.344152,325607928.2927965,0.0
46,0.0,0.0,0.0,0.0,0.0,0.0,0.0,0.0,0.0,0.0,0.0,0.0,0.0,0.0,0.0,0.0,0.0,0.0,0.0,0.0,0.0,0.0,0.0,0.0,0.0,0.0,0.0,19018220.676492333,108573263.12704936,17036185.490112558,94035337.05288985,8693556.640886161,23469986.373190034,261544573.15857005,20387759.560665853,4921792.55219903,58138338.96749884,123281506.6588488,5950143.887068408,91756853.22276004,6613003.692190919,11283205.081963265,5174722.509606214,9167551.86610461,6368135.844135755,225184203.1383051,13041642.261847166,4946544.63250245,71907084.60621312,7813044.317357039,0.0
47,0.0,0.0,0.0,0.0,0.0,0.0,0.0,0.0,0.0,0.0,0.0,0.0,0.0,0.0,0.0,0.0,0.0,0.0,0.0,0.0,0.0,0.0,0.0,0.0,0.0,0.0,0.0,447014404.91448087,15733591.913600719,1950856.8690850176,250474480.66585603,27382768.240961216,1327517842.2899823,36033264.701634385,12038485.381045062,17473071.351722278,11720348.995103018,110639819.47752512,1277856582.098117,25485475.655687157,107085390.51906495,37977856.60088712,10293595.285926968,20028824.170934893,70163326.85779396,11895113.847119233,345529358.8582791,82007696.1929537,29269869.286559593,331169602.81873363,0.0
48,0.0,0.0,0.0,0.0,0.0,0.0,0.0,0.0,0.0,0.0,0.0,0.0,0.0,0.0,0.0,0.0,0.0,0.0,0.0,0.0,0.0,0.0,0.0,0.0,0.0,0.0,32096622.45509138,118784658.49752983,30893108.668427777,104022039.87861761,27111825.72377347,35128634.328741744,270803216.6225154,33108194.584176518,26167559.38447278,65821847.67997502,126647231.088551,26060221.65085052,101374974.66572751,26588040.988704693,28229537.590153314,26149250.359631382,27334916.02889043,26487595.073241707,226681920.37834415,28822904.240491282,26408380.91475477,76291656.11168282,26936323.114470683,26488370.709142454,0.0
49,0.0,0.0,0.0,0.0,0.0,0.0,0.0,0.0,0.0,0.0,0.0,0.0,0.0,0.0,0.0,0.0,0.0,0.0,0.0,0.0,0.0,0.0,0.0,0.0,0.0,0.0,445975561.0970896,11485295.792417109,10522591.148462918,248943923.7016138,25658798.956132963,1325504010.9086437,32259076.18199574,8752383.22534467,16304096.640300205,8747189.125723701,113369976.77843523,1275751359.1515105,26202207.65558604,103409588.82540528,38228469.95023893,10262409.932499027,18488640.473375257,68278343.03164269,8711091.43288164,353192454.6036944,80070852.5498374,25247266.291616224,327269696.0554104,11275608.304682905,0.0
50,0.0,0.0,0.0,0.0,0.0,0.0,0.0,0.0,0.0,0.0,0.0,0.0,0.0,0.0,0.0,0.0,0.0,0.0,0.0,0.0,0.0,0.0,0.0,0.0,0.0,12688243.17704352,98902037.4266192,22896235.31708808,103874781.33536525,16740171.904242804,19217776.1556937,250947058.5571804,23263045.331786953,13990035.416314464,52293218.86017716,124478879.50574236,14413162.66514529,81343802.47403833,14280023.932097038,15403050.166069055,14395775.62320298,18028571.194125008,14995738.382732803,223927166.72081894,18404067.121153794,14445944.410982007,74005059.79532762,17624269.84672244,16255399.930427242,30178628.032011997,0.0
51,0.0,0.0,0.0,0.0,0.0,0.0,0.0,0.0,0.0,0.0,0.0,0.0,0.0,0.0,0.0,0.0,0.0,0.0,0.0,0.0,0.0,0.0,0.0,0.0,0.0,446431949.5006544,8373041.259065129,12366550.156188477,248509620.667672,24793710.59651537,1326762422.0571067,29655552.778767996,6458426.040218462,17527390.178545028,6435739.642288701,114811193.90006268,1274958603.7692199,28538051.32778635,100817863.57130913,39416611.18335229,9956282.53078636,18237440.643576514,67159072.15185533,6496937.66497505,356160521.1421716,79104796.81962927,22793295.866575535,325450142.02597433,13344214.664671242,9997975.881817224,0.0
52,0.0,0.0,0.0,0.0,0.0,0.0,0.0,0.0,0.0,0.0,0.0,0.0,0.0,0.0,0.0,0.0,0.0,0.0,0.0,0.0,0.0,0.0,0.0,0.0,24916906.68813871,114095504.02034375,19056480.792928465,95252200.84620927,17816562.733360775,30079849.99645091,266951186.20620912,26298492.58360321,16441228.98167085,62430469.03133358,119603611.74178843,16355709.255385209,97056274.75377548,15634151.238094058,19432528.986365583,16139733.02308237,16696858.060001964,15909166.359206999,224509080.0364522,20021479.70961144,16653825.939358715,70346316.7749221,15809271.57882255,16652022.812402952,29490976.236937117,22296468.598142494,0.0
53,0.0,0.0,0.0,0.0,0.0,0.0,0.0,0.0,0.0,0.0,0.0,0.0,0.0,0.0,0.0,0.0,0.0,0.0,0.0,0.0,0.0,0.0,0.0,0.0,446766782.0157758,5357555.794013757,11712124.611601962,249171770.72692308,24828779.854860403,1327097805.6393776,28350116.627087735,2183656.540278893,17863380.014979184,1658644.9551945003,116848100.71433625,1275005296.6123064,27533176.02524062,99916641.91549452,39972012.05643754,8996825.767735276,16374002.209480867,67473913.19123623,1959666.980777451,355651108.0898331,79254947.34428625,21798963.018158972,324893000.11781913,12591650.168994196,8948765.598443821,6514610.536571719,0.0
54,0.0,0.0,0.0,0.0,0.0,0.0,0.0,0.0,0.0,0.0,0.0,0.0,0.0,0.0,0.0,0.0,0.0,0.0,0.0,0.0,0.0,0.0,0.0,17837915.139620032,98648585.28593522,27167188.485364206,108177540.56132786,20946088.143413518,21769533.721672982,250185170.5483002,25999233.17544823,19528407.957473017,49972024.409989044,126882528.73521912,19363653.936777484,81760075.75635004,19259731.3781138,20123103.258386105,19521003.01281609,22601597.76744623,19670012.822624896,225377559.83269978,22247199.44068569,19982774.716614418,74643774.45830435,21654755.825352702,21041258.106278393,34017924.87157975,18023362.145537786,26863974.342369895,0.0
55,0.0,0.0,0.0,0.0,0.0,0.0,0.0,0.0,0.0,0.0,0.0,0.0,0.0,0.0,0.0,0.0,0.0,0.0,0.0,0.0,0.0,0.0,0.0,444245130.0033433,36114844.358974375,29047995.150763422,247692636.46646422,45489516.304628864,1321050228.637931,55588426.57633297,33198461.861078072,34020890.66990404,33196755.539891243,96006142.08746547,1273436156.980126,29684170.259431012,126741407.927309,36579468.3592041,29699622.880811512,35107945.5048164,77157659.69753516,33449649.12544453,337334867.5227003,89913329.9918692,49213149.3809757,350635521.7063303,28358950.97228072,30412400.754304875,33413131.796402253,33439925.568695117,0.0
56,0.0,0.0,0.0,0.0,0.0,0.0,0.0,0.0,0.0,0.0,0.0,0.0,0.0,0.0,0.0,0.0,0.0,0.0,0.0,0.0,0.0,0.0,16405061.92089351,105864190.88151923,16716153.41015939,95259426.96903107,8579426.395422801,20583573.78043261,258598786.49210197,20083071.465066694,4655970.544277948,56508180.23762238,122757468.86144438,5033539.462009514,88839515.28243276,5310810.092112569,8986511.089207616,5002977.920881249,9946065.49656703,6131636.373572442,225169985.11171007,12592837.054662768,4615624.670216725,72248652.94570863,8517328.372159716,6970905.644344436,26211071.50978264,14485845.044609498,16522677.729109768,19321231.40334479,0.0
57,0.0,0.0,0.0,0.0,0.0,0.0,0.0,0.0,0.0,0.0,0.0,0.0,0.0,0.0,0.0,0.0,0.0,0.0,0.0,0.0,0.0,0.0,446800069.2385079,7218716.74639111,12590089.966843158,249215752.8264795,25183648.431372818,1327117674.4336376,28979779.075695943,4433581.918251291,17864723.428730942,4548982.169761297,116500533.71083613,1275101682.2291558,28525060.88120833,100463953.98336594,39901316.852088355,9724995.945181927,17385605.52171757,67542485.21356611,4621552.152344769,356415089.86302,79332955.81303719,22328564.250567995,325350107.07185304,13515190.327479806,9739631.519528884,7538987.347520011,4695563.254382596,33951927.56191552,0.0
58,0.0,0.0,0.0,0.0,0.0,0.0,0.0,0.0,0.0,0.0,0.0,0.0,0.0,0.0,0.0,0.0,0.0,0.0,0.0,0.0,0.0,20682331.487704586,110023838.39955273,17862694.604263812,95167000.30602324,10618318.25213567,25285645.410190813,263115664.9055416,21165842.078594316,7800005.929134178,58734946.7437217,123441697.26619685,8345276.525700915,93210729.88270308,8827244.801153012,13130310.253305951,7984841.5382939875,11412349.199916394,8539319.28578655,225507954.60464844,14429056.189422214,7749702.073101757,70832177.19848117,8808896.938235039,8720174.67746106,27238270.42355273,18247688.810637444,17004578.283691645,22744767.866264027,9073180.476979334,0.0
59,0.0,0.0,0.0,0.0,0.0,0.0,0.0,0.0,0.0,0.0,0.0,0.0,0.0,0.0,0.0,0.0,0.0,0.0,0.0,0.0,0.0,442372684.772329,29434871.397064574,28270227.131882645,246695908.1095996,33139003.187780403,1319978215.6537666,39915720.09995595,29585098.658773117,28827602.95081528,29554860.37161088,98835526.13859117,1275982648.7779078,43612809.48740824,107207677.48734666,50189996.541715704,27479800.121783413,36949858.43271802,71118308.072794,30014371.82902019,369939411.3636326,80008406.8336651,34916983.42261076,326168495.84456193,28237690.794068016,28348545.707872607,28184829.70044451,29568809.733415652,46053732.448570244,29047261.285569906,0.0
60,0.0,0.0,0.0,0.0,0.0,0.0,0.0,0.0,0.0,0.0,0.0,0.0,0.0,0.0,0.0,0.0,0.0,0.0,0.0,0.0,269153903.5778824,199524283.56401342,292242139.21404254,373903014.5712815,285462304.3036796,269335413.98966515,24636226.1998099,288021602.11463434,283295510.9495966,247020953.36779457,382324826.584145,283649362.6631969,200081601.08762422,283705823.01550764,281607008.4591349,284033145.50020605,287454753.4099783,284719759.13649195,439751669.1399391,285339633.7130157,283234599.23304135,323694260.5808678,287210910.3104845,285967564.48251,295183078.5102413,275361261.7386032,291359407.193278,274549628.0477632,283006133.95252466,287534716.6764367,0.0
61,0.0,0.0,0.0,0.0,0.0,0.0,0.0,0.0,0.0,0.0,0.0,0.0,0.0,0.0,0.0,0.0,0.0,0.0,0.0,0.0,470317912.7763076,101193600.15951021,91323489.54752156,281963603.3342804,107527135.17260209,1312220728.7264915,120812300.86340514,97537486.11697511,98369597.82607451,97157563.42677224,122970197.89403947,1265424672.7856522,86018351.55729254,191767011.68042356,87524168.14603344,93592259.59999415,97313172.00489175,131940010.48645227,97462262.6085846,303047527.01746863,148161780.0622117,113767970.9942836,415933142.1374532,90632894.68400928,94997303.66588493,98480329.0676135,98032245.17193645,78783755.81379952,98819432.15555689,110993196.0863272,0.0
62,0.0,0.0,0.0,0.0,0.0,0.0,0.0,0.0,0.0,0.0,0.0,0.0,0.0,0.0,0.0,0.0,0.0,0.0,0.0,745223253.1093338,747661711.3796543,746549582.59426,747238408.2495807,748112695.6445212,743920132.5056872,808868516.3132241,748362210.910231,747974125.1537321,744330060.1976506,758592453.6342573,747789798.6446517,742446948.5193609,747385361.4766626,747942394.0555575,747666279.9882326,747208959.5986239,747476930.6159112,776965927.5271349,747779830.1683402,748083063.7717718,749581028.0987763,747650085.3854641,747899604.5845538,740438654.026787,745539741.3592737,745584476.621588,746522535.024348,747615010.3618809,747755081.5109013,825029524.7590578,0.0
63,0.0,0.0,0.0,0.0,0.0,0.0,0.0,0.0,0.0,0.0,0.0,0.0,0.0,0.0,0.0,0.0,0.0,0.0,0.0,446278947.49857557,9791351.450573351,5443277.009762621,249440346.9028144,24795097.72906065,1326350550.8171897,31044650.197882198,6263350.5334236575,15986920.175047148,6160771.94115628,112927762.26753235,1276456848.8579051,25656073.703129124,102202570.92303237,38303698.71442737,8159057.545820395,17414967.25446222,68428678.68150589,5560260.818306921,350386429.85527474,80290246.24323548,24102007.79730577,326702058.214173,6345769.946128607,7585363.608424219,8368836.17105436,6955934.084985104,29792793.578323223,8015358.332276871,27582502.289838087,92507044.08168669,0.0
64,0.0,0.0,0.0,0.0,0.0,0.0,0.0,0.0,0.0,0.0,0.0,0.0,0.0,0.0,0.0,0.0,0.0,0.0,19346988.743078582,108079187.381663,19668011.309322376,98542396.79504359,11707146.147600602,23953966.989462193,260791072.96829924,21378516.162952937,10089380.97739365,57502679.944651164,123484458.17457974,10408534.591232525,90740786.60930613,10720323.108235661,13544482.25645254,10381433.159244793,13518261.993293324,10935706.950805297,223928691.82808948,15065702.330485031,10155558.253078897,70870088.8335844,12197208.982253924,11468052.178971473,27677106.394016128,17317060.27495993,19028363.96938442,21712948.002761815,10902481.810245713,12638513.216024792,285205482.15912586,748144930.3423169,0.0
65,0.0,0.0,0.0,0.0,0.0,0.0,0.0,0.0,0.0,0.0,0.0,0.0,0.0,0.0,0.0,0.0,0.0,0.0,446684853.2196493,8536453.008503487,12917103.949775334,249115447.91250563,25291182.161543317,1327038530.4918513,29514657.40327385,5952220.110705982,18372702.119190156,5848768.42026628,115996360.44951114,1275008242.938804,28440817.073818564,100562113.04610068,39593760.55614636,10001586.83632224,17649932.18772492,67731294.60296488,6209791.636114202,356364580.3341708,79434785.3566614,23039638.859007288,325813002.45994246,13626439.293878075,10160653.934680512,8217893.333993961,6041643.493331513,33282380.975180633,6976349.965942187,29514651.14676822,98429691.24728002,8692514.685312781,0.0
66,0.0,0.0,0.0,0.0,0.0,0.0,0.0,0.0,0.0,0.0,0.0,0.0,0.0,0.0,0.0,0.0,0.0,16440368.465741534,106078862.02968438,16497411.273962969,94175301.90797332,7641668.697042355,21081785.859371085,259256379.01267177,19711741.781743318,2356369.9052625345,57796548.02593489,123240008.97541222,3580429.234780164,89078098.93264855,4644635.948875052,8148996.444788302,2781064.304155018,9318955.60668255,4571278.810244672,225418827.27381355,12228362.855673278,1004431.283314134,73263550.51188082,7198365.108740385,5149473.857168911,26459769.798277132,14584311.831067866,16716159.703516593,20092018.13929059,4686498.462482362,7923337.007207048,283656919.21658766,748031235.6076244,10321758.618667398,0.0
67,0.0,0.0,0.0,0.0,0.0,0.0,0.0,0.0,0.0,0.0,0.0,0.0,0.0,0.0,0.0,0.0,0.0,446652253.1535004,5426820.0275951745,10484035.49087738,249039179.56811553,24514202.272273492,1327022675.8862088,28489758.936299622,1814083.4152851633,17576786.91448338,1337127.9106116653,116716178.24551988,1275174969.261147,26547232.959330224,99893241.98050931,39646476.49505275,8400340.286843268,15761425.07696164,67398053.42309256,1343656.9684629273,354439215.4153662,79315138.66167136,21747542.117897592,324739093.98504955,11419010.835670207,8315318.401788865,6396049.840335497,2106553.070650907,32882107.681067735,4624310.468133689,29380162.248000216,96854987.59985194,5615446.289094451,5897987.233618192,0.0
68,0.0,0.0,0.0,0.0,0.0,0.0,0.0,0.0,0.0,0.0,0.0,0.0,0.0,0.0,0.0,0.0,254608941.76611137,280453301.1583064,254831681.08199707,286233348.56689584,254301755.89790267,255354477.89002657,392139865.03255284,253788223.28950801,254690971.98398304,259825767.45393315,288956191.80711704,254658088.01790017,273872565.5904876,255089575.24634314,255280245.6294102,254622272.91066304,254906030.80984545,254900249.21586886,349054176.67409337,254192012.60267678,254681474.89651355,265169214.47157854,254476106.3478199,254704723.76660204,255907134.89319474,254681873.4946578,255295328.1730612,254721174.926335,254685468.38969427,254636418.40576354,413350397.8575088,788959033.1273978,254820482.6448471,254586021.1011993,0.0
69,0.0,0.0,0.0,0.0,0.0,0.0,0.0,0.0,0.0,0.0,0.0,0.0,0.0,0.0,0.0,0.0,446744807.73919547,5323828.011441499,10825777.104199568,249144288.5549783,24837057.304042265,1327179783.653577,28474663.986882962,1614199.991035814,17711998.511105068,788314.9848366303,117071786.0581002,1275054495.8371334,26732343.40094802,99945244.04577282,39940200.775084004,8824433.374024231,15755252.45672535,67415747.3195824,1009250.1287002712,354737193.2429764,79168671.81422824,21777536.9831548,324848200.3309928,11754979.131905256,8692370.723937277,6492828.20454177,1686428.6483710934,33199674.691611387,4554728.551719743,29654957.565589197,97256266.71596108,6116412.891622645,5925472.139957709,1314219.7205497273,0.0
70,0.0,0.0,0.0,0.0,0.0,0.0,0.0,0.0,0.0,0.0,0.0,0.0,0.0,0.0,0.0,15827433.282397559,105068883.90048139,16646701.823672643,95135824.15083261,7763641.8551169485,20423555.889198262,258021920.75146666,19919728.82497345,4305027.021057729,56084654.81402956,123004171.56349155,4742220.59662488,88241484.39151534,5604694.674003404,8866622.680696897,4744460.021962663,9704310.130085101,5912793.781685038,224744529.3401784,11821312.597377509,4470332.749714615,71759439.76712222,7896176.050077036,6370984.706159001,25814604.06557994,13814512.962407958,16148425.483486256,18959967.642391387,5586442.086095275,8416857.127487173,282428193.04383403,747363460.1767141,9629651.269565329,4667322.9941655975,254415366.80639762,0.0
71,0.0,0.0,0.0,0.0,0.0,0.0,0.0,0.0,0.0,0.0,0.0,0.0,0.0,0.0,0.0,719515451.3368976,349786856.33354306,345464183.1064993,512962643.47153795,359425531.885151,1419217988.4822636,369821307.4513172,346089699.49086845,351044328.44818246,345857323.4460035,394242416.76663345,1240416984.9582038,336904665.1528247,440109677.2538246,338490239.90492344,344963915.58899575,346377246.7923523,384203263.51957816,345821890.79288566,445889957.8998491,391600364.2483339,362978189.91402274,663698557.7350225,345278734.4987912,345903801.082461,347893001.83969444,346650525.0710808,337959341.23177135,346983772.75300777,362769528.8939849,320678375.1761581,344827009.9726119,347384082.1193104,345496305.8666626,345821567.4054461,0.0
72,0.0,0.0,0.0,0.0,0.0,0.0,0.0,0.0,0.0,0.0,0.0,0.0,0.0,0.0,15945678.063561598,104165467.90146819,16707746.926283225,94958772.66998409,8923350.689162865,21012472.31042876,257227851.74293715,21178503.93611654,3822727.2945801057,56435886.644150674,124299068.43503658,4710157.281653161,88117557.62224515,5288391.512793381,8417426.287053343,4103520.1790429773,10244557.849918138,5376749.450319735,226686251.7209959,13362766.650545668,3504095.439506819,73810975.68727468,8615045.317463487,6562811.594405986,27316181.543494232,14020285.810966168,16876375.08431413,19276124.745660573,5720589.108528561,9422220.403618177,281575272.2195431,748138377.2570817,11626649.006516382,3280785.6090077,255915116.8074463,5477458.139076345,0.0
73,0.0,0.0,0.0,0.0,0.0,0.0,0.0,0.0,0.0,0.0,0.0,0.0,0.0,0.0,445445995.4216076,7601015.576201658,9511859.489738494,248544710.75079232,23988878.57308843,1326505020.6935966,29354658.17071197,4281103.56318239,16687207.412006754,4298682.07312681,114943651.48096828,1275090832.106152,26294920.26243998,100373014.26097986,38911393.66989612,7614930.634245282,16338394.3246341,67115966.56614587,4140317.7002312057,353413850.0260273,78950114.96231663,22469394.21543703,325086236.5752088,10552976.071420657,8364352.237602906,6451742.695968771,4724189.087869374,31590300.093064077,5722190.354307311,28024517.152199674,95950210.13331246,5228991.841576817,6830829.084321004,3884408.396735113,4202519.209124735,345285671.0974672,0.0
74,0.0,0.0,0.0,0.0,0.0,0.0,0.0,0.0,0.0,0.0,0.0,0.0,0.0,12227948.290544908,101383300.72739866,18466439.202069428,98113982.97564045,10359915.272317423,17849664.70494003,253778206.6406878,20303277.437543593,7493209.285483,53210886.56548842,122856841.56102356,7869922.887963146,83834725.77629407,8482657.778379267,9614726.711713891,7871571.334909096,12189714.649304485,8726422.256363336,224190997.67183384,13366370.255425919,7599219.773629481,71087063.62544449,11488726.955586456,10135628.41973945,26450195.985705487,12033933.954379652,17885653.647332918,17011086.2909212,7981515.031844673,11819807.233491149,278181155.65255374,746240156.2062789,12168642.655026091,7659184.57979646,253906876.5338274,7125398.970056929,7905626.010190524,0.0
75,0.0,0.0,0.0,0.0,0.0,0.0,0.0,0.0,0.0,0.0,0.0,0.0,0.0,6179510090.216539,6173265445.089402,6174898849.718405,6177809638.5351,6172584797.409552,6399205249.830137,6173133045.0509205,6173243449.114945,6170287030.221928,6173161216.356527,6168141469.661923,6621065703.612737,6172162879.842151,6174092727.923354,6171288526.282625,6172436789.991387,6173155109.294649,6173699333.478262,6173422655.833857,6202009285.039484,6173978397.333612,6173259353.823599,6182521784.021162,6174868433.128484,6172662135.727587,6172917672.2973,6173163738.85376,6172268187.813673,6173188080.151986,6172629807.644619,6172899391.928267,6173398031.636297,6173039658.59694,6172978840.215145,6173200613.9779415,6246228311.99612,6173048927.129675,0.0
76,0.0,0.0,0.0,0.0,0.0,0.0,0.0,0.0,0.0,0.0,0.0,0.0,26432876.74597061,115814958.01328388,21878797.36117337,97655405.26189144,21046255.373869658,31455064.88643843,268207549.5865922,29165323.99083855,20539710.67551187,64403184.57879688,123413204.46478677,20199911.56202068,98250708.41842458,20009492.10160104,23285171.479602206,20142985.64215265,20880117.6299512,20113448.990656763,222029256.74548608,24029110.612274148,20949576.236222766,72071262.70700395,19382574.515673965,20422108.25621289,32413033.113559633,24230379.678212784,17427472.149984125,28531040.220217876,20224907.83742956,21548393.002896745,292608933.3909262,744271975.6719431,22218814.867410194,20926235.75785067,253736447.42848268,19524525.69516028,20737562.687007643,20136098.52627949,0.0
77,0.0,0.0,0.0,0.0,0.0,0.0,0.0,0.0,0.0,0.0,0.0,0.0,447051556.00371087,9645379.23478615,10874817.474892689,249036515.3224391,25146778.248563025,1324906987.856755,30883204.929022163,8128940.705316308,17023569.068894826,8019993.62818754,113624482.39731398,1276665409.8089604,29353991.28308343,102402224.34734857,39375724.88526609,11156471.996451791,19981814.74169614,68556998.09979485,8344533.672589856,354655865.0561882,79250603.71745768,24578086.986128815,326111247.02587247,11689652.608401228,9472922.257281305,9227302.416099463,8154690.173012391,33056062.007031262,8863055.511941189,28109546.711440574,97266604.66022557,7263807.429528053,9786680.734909557,7880643.715890335,8022822.675600064,348290877.7964276,8266352.650379635,6173525137.530623,0.0
78,0.0,0.0,0.0,0.0,0.0,0.0,0.0,0.0,0.0,0.0,0.0,37124955.27003554,109226249.62587492,41726441.198433496,118213658.23609185,44073988.49860893,42397763.61338109,257993614.52430463,47625002.004527725,43530740.25010134,60787345.61920363,132946079.80349076,43402724.742277704,91206036.41889098,42796370.20438849,44092830.91925292,43404260.186639234,43056898.118897736,42809157.20865416,226083428.7698688,43772663.94934942,43748963.8360872,79789679.72011228,42926067.1199306,43257817.945575215,48780349.83013513,41929907.72434233,43256694.63902252,42718905.81414155,43094879.314617254,43913696.85301082,282311298.2395323,741441029.8100922,43052189.43648652,43822145.461253844,257541050.23090324,42807903.39835617,43831848.33045777,41480847.15737806,44380154.30571109,0.0
79,0.0,0.0,0.0,0.0,0.0,0.0,0.0,0.0,0.0,0.0,0.0,446758794.33832073,51908179.85011177,44250809.056666955,255523504.3458857,60614692.57683672,1321235078.599636,71689871.86994116,48191661.42363231,50105937.04755298,47860219.372500405,96711638.94530824,1274165140.112966,42957997.01649814,142708588.00157183,46259487.15704252,45019145.90076872,49037270.14635923,89025190.76623073,48177915.35279877,319546897.8578609,103691119.76849397,65033645.19024875,366785076.1226661,43598306.844606094,45839992.358050965,49390121.451028705,48765645.61899042,34099205.89141318,49548133.39562808,62149054.88302193,71382237.40528424,44876435.66332008,49282156.81758195,47636523.05699018,47941071.21316953,336791276.7968452,46675476.96220754,6163869036.067709,49028348.61307013,0.0
80,0.0,0.0,0.0,0.0,0.0,0.0,0.0,0.0,0.0,0.0,509848723.2071867,520850693.10098743,509730900.6065564,523712933.50638026,511706761.1857263,510847623.3035177,619628760.092972,512094672.34333307,511583943.75553465,516358242.89872915,528087339.9913443,511646072.06367934,518473237.8174243,511580560.84967077,512005111.23893297,511400475.46094954,511297096.9677645,511385488.3817326,558690489.9801794,511634137.04761505,511679210.7013911,514934470.58531654,511565277.8877489,511599610.32769907,511926790.50862694,509803857.23775214,511044187.666756,512102607.26981103,511377247.9666087,511484339.292175,639233102.6838369,852951639.9874767,511631183.1658923,511563861.778237,575256835.2625996,511467547.14997166,512640200.65045846,511261634.91307294,510238965.6906349,511436090.4526656,0.0
81,0.0,0.0,0.0,0.0,0.0,0.0,0.0,0.0,0.0,0.0,454861315.3887889,70532253.36735043,57636123.97832628,256522016.54979983,78342499.98785135,1326921321.982018,90160025.97577474,66808023.27463798,68257757.28340362,66398631.82000414,106815676.59775078,1281281503.7076192,59072292.055004075,161466942.97738436,63543452.72758107,63456054.43694147,65851794.69539666,105176120.12999967,66649156.020283125,317471917.88829726,120124793.62234946,83490864.50268199,385253924.45609796,56679969.097686924,65101935.10264027,68125763.66512111,67383188.9511242,50292695.22016835,68016434.40720761,80868973.78701563,73041954.24615845,62076959.72122295,67858466.89496686,66362429.04106502,66479153.0433856,339952497.88197994,65285929.38971019,6171959180.14582,66176411.96302994,48419100.85654549,0.0
82,0.0,0.0,0.0,0.0,0.0,0.0,0.0,0.0,0.0,15411393.352112845,100520117.8926139,22252242.866644014,103530190.64388151,17071779.720346846,22038591.509567507,253467323.91877842,24084042.654764384,15407176.589027464,51654231.273656644,122843347.97942117,15365569.522753734,84324902.63448098,14693990.553176586,16263396.74687633,15449986.988959352,17702462.494707227,15384169.036989104,224658918.21926516,18331093.679590765,15800711.61565819,72457839.96861355,17862550.650966994,16813950.09689847,30050970.854172718,15668314.47894479,22052250.167676963,19470895.95380881,14967729.717630401,18260076.301454764,277847682.2354528,744852378.2670314,17748270.302114002,15852997.03419744,254493321.6928746,14696028.399906978,15518162.79743225,13816244.343319576,24179349.8248258,40152666.301388785,511062023.9523183,0.0
83,0.0,0.0,0.0,0.0,0.0,0.0,0.0,0.0,0.0,450442425.90194786,55660944.97073501,46104093.2484416,254525665.02567846,62596076.438478746,1323084874.017698,75350609.7177994,52019374.21178043,54024626.95442424,51702105.502633564,99992671.10618582,1277558003.3877702,45143195.31038512,146753326.60367385,51743571.95931079,49109617.84391826,52872602.71082066,93162385.22626588,51796617.527210414,327236193.9510348,106618847.19826627,68577016.21393101,370394183.07199067,45850786.11904655,49736826.87297136,52918660.488188274,52598780.78749724,41065704.199895404,53197808.12720065,65917396.510764934,75072260.15573128,47470839.99953609,53313197.10284592,51445001.53516094,51722855.88507059,337441458.4485682,50548948.69247647,6174363381.060259,51804531.96822341,45732193.534894556,53548350.47379005,0.0
84,0.0,0.0,0.0,0.0,0.0,0.0,0.0,0.0,17146820.413597725,106650379.2111511,16588992.86387841,94474451.97606052,8221920.244876891,21633230.15397983,259483030.60566577,19972509.87507537,4323308.933155835,56715409.53616025,122696340.47820386,4753839.739538289,89752250.66312112,5658951.827850452,9866831.796333674,4696273.83463561,9504831.789658848,5495382.83205458,225307057.45061475,12291834.930361442,4406954.236046773,72163915.0403639,7279746.027324252,6144905.166351393,25855546.67404158,14665467.329977926,16140787.84058165,19467404.499517336,5631295.043802155,7816873.75210848,283897959.39412314,747692576.1156236,10827316.678570192,4658490.988495523,254669557.84811497,5181182.9314762,5646128.702674672,8366010.914873807,20068838.500706505,42976336.42708256,511477539.88735425,15227614.72107144,0.0
85,0.0,0.0,0.0,0.0,0.0,0.0,0.0,0.0,446701750.97032785,14960612.623650009,18817605.615616262,249359482.28337854,26731056.982214775,1326836650.9138074,32515852.930585913,14151520.548666164,20868850.019029193,14076688.503161926,114885021.1761909,1275289789.774559,33911375.82308016,102053090.13333398,41405879.393106714,15645390.30355962,24108440.096965827,68176309.66654071,14302221.89838099,360918501.81309044,79759882.74133149,26417088.553526156,327497275.35859644,19441716.699596167,16129322.867025081,14581403.768658912,14073202.053072449,37744470.709825374,14594240.178439667,30702752.060526274,102810093.90491112,15594338.293755513,14898411.035719335,13897137.165321678,14096745.570716787,352928279.2359057,14369566.119377423,6172968018.510685,15144844.576464051,54305055.639506936,73085114.076861,58126484.68721843,0.0
86,0.0,0.0,0.0,0.0,0.0,0.0,0.0,18727320.19740793,108135961.48697284,18605233.215823114,96920891.74072178,12216211.772380302,23862425.773116935,260707040.50861186,21765827.937171392,10592881.968684513,57273873.384996876,123383905.69438955,10801920.942321142,90954099.38766548,11086532.760618119,13546742.542661289,10354047.737270752,13422436.445032824,10785435.05931605,224636840.3671965,14537923.261543814,10885894.215677109,70771922.20684618,11331895.653225468,11444498.40639331,27036627.367004137,16768407.073815871,17194314.774754394,20758813.340903558,10725254.717797045,12932735.03939007,285113737.0096038,746652831.2835858,12944331.461011002,11033672.150986603,254723401.8078683,9655995.863444516,11624471.090672914,11001829.107980212,18942963.029413283,42092954.72459469,511378897.3823228,17280781.163199563,10646258.72882394,0.0
87,0.0,0.0,0.0,0.0,0.0,0.0,0.0,443179027.2932583,14319428.732542511,10119019.03144976,247193863.49740642,25534920.31995378,1325599361.5844357,34345124.70010831,10935251.127847003,16831233.112109207,10761813.490995402,110030505.26438889,1275085548.8726516,22447783.877313327,105590114.51145133,36233154.041785106,9606540.685887055,17942768.843876887,67139296.12336342,11106418.01981372,350443759.49187815,79383091.80290067,27424285.666983236,329834545.61383486,10102841.408854697,11417832.935696086,12336594.978294214,11280223.89371847,27405074.25918466,11918833.003485207,28188173.278098054,90823932.96290177,9584722.794733856,12366157.248000186,10529829.387434263,10788756.391619872,342673042.4501089,9712936.218256678,6171880059.165056,13354954.624236379,42854388.82341653,60889841.576821044,46132560.15280327,17889292.671745744,0.0
88,0.0,0.0,0.0,0.0,0.0,0.0,16190374.332216173,105783037.53811127,16871759.841833577,94141914.48802276,7306363.004805384,20844793.955389332,258937352.4085485,19519489.061181687,2067239.296334952,57525623.88331574,123361176.395415,3498935.44109286,88813447.48045859,4589441.128850092,7951921.282825525,2771713.6378493337,9254224.866297016,4659810.852231855,225413474.3538681,11971834.58061304,995471.3829194044,73101254.50394298,6891315.395204961,5005300.254479262,26240711.1447642,14362862.035487592,16609184.216686428,19781541.86686132,4676162.855409468,7761439.818680996,283345590.6935138,748080896.2717113,10027218.307302931,1041233.6563669242,254640955.79918927,4430459.922189924,3349810.2069052146,7417418.001786834,20784119.055260766,43870389.61225453,511663193.8687631,15642538.804445809,4427896.612391992,10755200.481969062,0.0
89,0.0,0.0,0.0,0.0,0.0,0.0,446889289.9325096,5181409.650470298,10692291.021491122,249214308.9496913,24981525.81871247,1327173560.7712474,28545567.79263394,1641582.526581737,17896166.81254937,1062116.6844934276,117425495.7467101,1275213260.553905,27096955.88089505,99933717.32170959,40222494.1168018,9037511.704721324,15943586.604436059,67391152.57479465,77615.69123491735,354610559.6864761,79207334.11110124,21722880.84090067,324929094.4662205,11901779.309005966,8717986.611708492,6500862.263262885,1962097.63314966,33456822.154572755,4620443.925312652,30014576.064741712,97469361.8337101,5566926.280193655,6209239.868729075,1346675.3744766328,1010118.2398495653,345824546.1079846,4145815.8512238553,6173420283.169882,8353761.854151957,48186314.41571161,66654545.239456795,51803912.11225952,14306431.720971927,11110596.04088607,0.0
90,0.0,0.0,0.0,0.0,0.0,20457777.128279038,110008257.4125674,17197930.308941793,93876893.58146939,9876682.121145904,24817665.273148462,263027205.52162665,21070998.070724435,6100588.574625887,59171960.96680814,123251126.78938513,6965270.851537511,93143547.57953867,7750435.50467879,12551041.360075915,6427334.76693282,10798805.36096406,7251479.454347464,223749417.8405668,14007129.993660381,6043346.000844408,73064917.48126657,8087766.438823903,7285271.887210587,26728959.823660634,17769765.088396024,16875935.46536536,21857379.728747837,8143992.482774759,9464555.748312725,287445280.43732864,747904344.6590716,11925889.94214989,6235113.183675045,252895688.53279924,7719560.4152866425,7926941.07731795,11452848.74287777,20067558.771999598,44045877.83846237,511643563.10909843,16775402.77873364,6795552.885930285,12310053.596902674,6008885.238201698,0.0
91,0.0,0.0,0.0,0.0,0.0,444067455.6433945,13929721.769768706,6737532.712755509,247758366.11220294,25768550.584411435,1324857854.5204282,34216175.71702461,10254876.081826776,15548800.910893237,10152133.577778466,109462484.17927137,1275509078.1928945,23593952.583746485,105353253.82162333,35518102.78451642,9074236.341430604,18144823.7743034,67280829.97428885,10231868.398579188,348415625.4043089,79902234.65974037,27477890.26939807,329569012.0474248,6788987.737908268,9139991.456861153,11568873.127594769,10915081.325896705,25906849.253471546,11591491.833279395,26931443.373536825,90151412.83595547,6739991.168963706,11770129.636411069,9776008.146501508,10110639.396160794,343062017.8538806,8885042.980078952,6172849940.4058895,11274177.79074353,41156994.729951814,59479497.142444536,45277277.294994295,17232243.855787672,8336594.166266577,10237669.573245633,0.0
92,0.0,0.0,0.0,0.0,16135082.826054487,105789940.39323649,16847467.524653178,94122708.15841815,7377904.281545052,20892256.470734306,258964724.83360893,19564096.295596536,2160154.7210393706,57561438.57760475,123356456.49558976,3440849.0347478613,88721105.65962583,4647554.156489203,7962589.594976564,2751370.8363243705,9307594.701751713,4670781.519247013,225430971.98568916,12071152.521710094,970653.6479528645,73137412.80789636,6940223.234274836,5018348.376424728,26279887.046146967,14397781.922077373,16600326.33140127,19853942.161355276,4711094.506546812,7820048.704746649,283368158.0583234,748050151.4421829,10116347.493766084,953691.1052072712,254636551.22161302,4458191.4631566685,3271976.182665956,7378732.779460488,20794346.489452463,43917795.38252921,511670514.63620234,15696732.494914249,4470695.092013041,10882419.23944749,878110.5124015337,6086901.084526751,0.0
93,0.0,0.0,0.0,0.0,463613902.02633035,115335100.26918273,117790410.56563024,273504932.01362,116558459.04058762,1331060868.7628143,119435815.34673066,115159310.35497054,113876659.75546496,115140802.30827563,149236525.4147815,1282870181.5697074,121433551.64106393,164238964.40615427,126138825.46297936,115459371.43882005,117484502.26137707,130351294.27343436,115191676.89534731,415727106.1673645,139408931.83442706,117301825.53296714,364790717.12295187,118127511.84990887,116044498.92793608,115180537.97107168,115170699.68016592,120981428.59610157,115239757.25890812,115850343.19073062,171429066.83770484,116467889.22859588,115341440.47604367,115261936.25991157,115093906.61548129,416978085.62126744,115099125.83842504,6175127731.963683,116674197.77222136,131827152.11132178,148998438.25408125,130906522.59840794,115459811.48435262,114933689.80311629,115195012.9477994,115811545.13020146,0.0
94,0.0,0.0,0.0,19309154.199494023,108515173.81272261,17457443.50201873,95305103.40032041,9718295.164068116,23545425.169377156,261479116.42400813,19939380.874655653,6753792.666565925,56715104.68145879,122985233.25185294,7266345.242589873,91588488.29794681,7850657.823314157,11934581.69067961,6704780.518149701,11001150.06780836,7897157.649008369,225316246.36392808,13476409.14232989,6702101.543355161,73050284.15658936,9065791.100774473,7923189.043389832,26437677.00099224,16709308.154561061,17168289.413972735,21032558.887342457,8106395.779228672,9889457.840789625,285898530.6853517,747240693.6708237,11536693.207920229,6939315.626844523,254628283.5472951,7530191.478019243,8237819.493574339,10411884.935561595,20554314.791653287,43670534.24443761,511663043.8962096,17000861.995702505,7485363.669819668,11979624.171261325,6749481.494996768,9002400.383443918,6798233.56158624,0.0
95,0.0,0.0,0.0,566327509.8325299,282012702.96129864,281435534.15325534,395815091.7277939,279839540.00203973,1334245924.6232338,278703410.9346026,282198082.71336734,276003639.82717526,282249225.8632368,262855910.38926038,1306574944.4164925,278414469.9365212,324820761.39881706,274457806.5947575,279669969.1148327,282721807.14791906,287365632.3912428,282467700.5107168,431557873.4605955,296181866.9177643,283269341.32961714,511885995.32808065,281334005.3275524,280229213.4298937,281268387.9771896,282265712.45708287,271993833.94321847,282311721.97331876,277227104.8529278,276167609.91661966,281293095.5856915,281945056.5885161,282133958.02880025,282278955.87663233,463152055.1532301,281109194.918017,6196973232.325923,281426259.6859046,268714109.35047466,268510107.130851,272675192.73414034,281641597.2863244,279171563.1594501,282469257.14015085,278449408.81904685,310442492.3456631,0.0
96,0.0,0.0,132255156.27743602,220096915.69070482,125206364.67024894,156511789.14797646,124994068.07330433,136872771.0663908,373051169.6892966,133132909.4144015,125992237.91793069,168278782.69575256,165596856.47064054,126079169.87143913,203358871.04383287,125620171.615514,128531641.85049093,125913070.5129548,126224049.71245067,125806949.05764477,257402261.4927381,128789527.49476397,126332389.28729872,148041610.1547707,125566892.48672871,126091001.06788543,131744005.98326883,130312017.98690215,125494462.06533071,133794239.38128738,126057190.14904925,126237455.3972725,397446876.8802551,752695423.459715,127125547.1895796,126390879.22890899,294526748.4640897,125742603.75261793,126590733.48944728,126280118.37023325,124149682.32738368,144586728.5149005,524307002.10069215,129024840.91798902,125919198.20334935,126673245.84338637,126186127.60443413,125857375.92669025,126158106.16723749,126279595.24107912,0.0
97,0.0,0.0,446767812.19449866,5504289.201653792,11463032.21859534,249037630.03680545,24789599.991315063,1327189123.262957,28388568.655264966,2565128.3941619033,17732330.909798007,2404425.4931115396,116687041.98013839,1275075069.7011375,27612783.02379232,99932977.82823688,39922116.956815824,8807976.95444571,16485056.607634017,67467502.85925114,2495934.898438203,355524017.27107203,79239957.23526469,21836625.067766637,324870790.2671851,12452965.566108143,8807737.401059946,6446076.361197045,2748620.4272481455,33308226.35236199,4801891.684612302,29463235.048993766,97857340.9144949,6686896.585343425,5983331.7573893815,2420247.8772100797,2400318.2653892585,346625360.0309465,4548874.802659184,6172958993.297537,8241112.995988265,48603633.579384655,67254491.69431384,52493522.629046895,14134890.24493258,11268187.486386407,2497515.395285368,10728574.024282675,115198291.77325375,282179697.9006122,0.0
98,0.0,16183203.288913649,105825076.98335582,16872970.49302004,94191736.24297741,7486203.138573157,20859674.631811835,259039842.49013543,19574801.118502684,2135450.0742379255,57601230.65976502,123403629.82409151,3484818.1953930305,88708759.97449356,4728215.845549773,7868189.660504575,2791368.882292534,9331890.01560764,4634620.170688355,225494886.8523039,12044883.800371042,1020878.4076133299,73188916.31342617,7024877.161388641,5105199.582387479,26334778.55322221,14409388.224342331,16645753.27845506,19875657.224562384,4748205.923015673,7903410.36645818,283441545.99138844,748151141.6500257,10207623.317534376,1004981.8407195905,254645722.8449027,4508556.826194559,3243786.294472547,7439870.294470045,20795583.56955111,43970984.31627534,511688352.19978654,15690888.438100288,4566143.065697409,10880709.928641144,873527.9962234425,6149987.6481230855,910926.0460663873,6849569.693141249,126225245.6788098,0.0
99,0.0,451339588.78232443,117004661.90287718,118468073.93556353,266593341.9427084,115226492.74108787,1325125595.4686024,119702225.86671707,117735111.35839081,116933839.58254845,117710464.86968772,147338611.19935808,1286644879.807831,125168018.67646345,158571439.54630995,130502573.6043474,116591591.10831742,121592049.1075984,131372078.71680304,117973121.97727832,437587495.43349487,141241602.96330246,119257727.247605,352257052.82991153,118406697.17864494,117012951.0096683,116996290.21066809,117720166.52393858,125310637.22233057,116978083.45815253,113063268.30059895,183786554.21883586,117149971.02160878,117700613.7588572,117452881.2725337,117778302.6206896,432200590.92473793,116720824.68702404,6173454565.372638,117942006.19436117,137596121.4312923,154190952.05813223,139300799.783873,118520503.81700096,115621371.83914796,117976400.96302652,116258058.89276087,162305070.1525956,322374769.0558637,117662371.9574275,0.0
